/*
SQLyog Community v13.1.9 (64 bit)
MySQL - 10.4.25-MariaDB : Database - projekt
*********************************************************************
*/

/*!40101 SET NAMES utf8 */;

/*!40101 SET SQL_MODE=''*/;

/*!40014 SET @OLD_UNIQUE_CHECKS=@@UNIQUE_CHECKS, UNIQUE_CHECKS=0 */;
/*!40014 SET @OLD_FOREIGN_KEY_CHECKS=@@FOREIGN_KEY_CHECKS, FOREIGN_KEY_CHECKS=0 */;
/*!40101 SET @OLD_SQL_MODE=@@SQL_MODE, SQL_MODE='NO_AUTO_VALUE_ON_ZERO' */;
/*!40111 SET @OLD_SQL_NOTES=@@SQL_NOTES, SQL_NOTES=0 */;
CREATE DATABASE /*!32312 IF NOT EXISTS*/`projekt` /*!40100 DEFAULT CHARACTER SET utf8mb4 */;

/*Table structure for table `kolegiji` */

CREATE TABLE `kolegiji` (
  `id` int(11) NOT NULL,
  `naziv` varchar(100) NOT NULL,
  `opis` text NOT NULL,
  `idsmjer` int(11) NOT NULL,
  PRIMARY KEY (`id`),
  KEY `smjerKoCons` (`idsmjer`),
  CONSTRAINT `smjerKoCons` FOREIGN KEY (`idsmjer`) REFERENCES `smjerovi` (`id`)
) ENGINE=InnoDB DEFAULT CHARSET=utf8mb4;

/*Data for the table `kolegiji` */

insert  into `kolegiji`(`id`,`naziv`,`opis`,`idsmjer`) values 
(1,'Baze podataka','Student će steći znanja i vještine za dizajniranje i kreiranje baze podataka, te vještine potrebne za uspješno rukovanje s bazom podataka.',1),
(2,'Uvod u UNIX sustave','Student treba savladati osnovno znanje rada na otvorenim operacijskim sustavima.',1),
(3,'Uvod u UNIX sustave','Student treba savladati osnovno znanje rada na otvorenim operacijskim sustavima.',2),
(4,'Fizika','Razumijevanje fizikalnih pojava i veličina, opisanih u širem kontekstu temeljnih zakona fizike.',2),
(5,'Fizika','Razumijevanje fizikalnih pojava i veličina, opisanih u širem kontekstu temeljnih zakona fizike.',3),
(6,'Fizika','Razumijevanje fizikalnih pojava i veličina, opisanih u širem kontekstu temeljnih zakona fizike.',4),
(7,'Betonske konstrukcije','Stjecanje teoretskih i praktičkih znanja i vještina, pomoću kojih se student osposobljava za proračun i dimenzioniranje betonskih konstrukcija.',4),
(8,'Osnove elektrotehnike','Stjecanje znanja iz teorije električnih krugova i metoda za rješavanje električnih mreža.',3),
(9,'Poslovna etika','Cilj je predmeta upoznati studente s etičkim pitanjima suvremenog društva, osobito njihove aplikacije u svijet poslovnih odnosa.',5),
(10,'Statistika','Opći ciljevi su ovladavanje teorijskim spoznajama kao i vještinama izračunavanja statističkih parametara.',5),
(11,'Osnove građanskog prava','U općem djelu građanskog prava stječu se znanja ne samo iz građanskog prava nego i znanja o temeljnim pojmovima koji su značajni i za druge pravne discipline, poglavito one koje su srodne građanskom pravu.',6),
(12,'Javna nabava','Student će biti osposobljen za organizaciju i provedbu postupka javne nabave.',6),
(13,'Ekonomika turizma','Stjecanje specifičnih znanja za prepoznavanje utjecaja turizma na gospodarski sustav i valorizaciju potencijala ekonomskih funkcija turizma.',8),
(14,'Sportski marketing','U okviru ovog predmeta studenti će se upoznati s osnovama sportskog marketinga kao i mogućnostima njegove primjene u određenim sportskim organizacijama.',8),
(15,'Operacijski sustavi','Operacijski je sustav skup programa koji djeluju kao posrednici između sklopovlja i primjenskih programa te korisnika.',7),
(16,'Baze podataka','Student će steći znanja i vještine za dizajniranje i kreiranje baze podataka, te vještine potrebne za uspješno rukovanje s bazom podataka.',7),
(17,'Anatomija i fiziologija oka','Stjecanje temeljitih znanja iz anatomije i fiziologije oka potrebnih za razumijevanje predmeta Patologija oka, Farmakologija, Kontaktne leće, Refrakcija i binokulami vid.',9),
(18,'Refrakcija i binokularni vid I','Upoznati studente s osnovnim refrakcijskim postupcima i razviti monokularne refrakcijske vještine.',9),
(19,'Elementi konstrukcija','Upoznavanje s načelima dimenzioniranja i konstruiranja. Upoznavanje namjene i konstrukcijskih značajki strojnih dijelova i konstrukcija.',10),
(20,'Pogon zrakoplova I','Stjecanje znanja o osnovnim sustavima klipnih motora zrakoplova.',10),
(21,'Linearna algebra 1','Preko jednostavnih primjera (sustavi linearnih jednadžbi) doći do pojmova konačnodimenzionalnog vektorskog prostora, baze, potprostora, matrice, determinante, te inverzne matrice.',11),
(22,'Mjera i integral','Uvesti pojam apstraktne mjere, izmjerivih preslikavanja i integrala u odnosu na mjeru, te izvesti fundamentalne teoreme vezane uz ove pojmove.',11),
(23,'Matematička analiza 1','Upoznavanje s osnovnim matematičkim pojmovima, savladavanje tehnika diferencijalnog računa i upoznavanje s pripadnom matematičkom teorijom.',12),
(24,'Uvod u kvantnu fiziku','Upoznavanje s nastankom i osnovnim pojmovima kvantne fizike, te rješavanje jednostavnijih fizikalnih problema.',12),
(25,'Opća kemija','Čiste tvari. Homogene i heterogene smjese. Razdvajanje smjesa. Kemijska i fizikalna svojstva tvari (ekstenzivne i intenzivne veličine). Zakoni kemijskog spajanja.',13),
(26,'Molekularno modeliranje','Temeljni pojmovi, Ploha potencijalne energije i optimizacija geometrije, Podjela metoda modeliranja, Molekulska mehanika, Kvantno-mehaničke i DFT metode.',13),
(27,'Digitalna logika','Digitalni sustavi veličine iz stvarnog svijeta, prethodno pretvorene u brojeve, obrađuju u diskretnim koracima.',14),
(28,'Energijske tehnologije','Važnost energije, opskrba energijom, energijska ograničenja. Oblici i izvori energije, klasifikacija oblika energije.',14),
(29,'Operacijski sustavi','Operacijski je sustav skup programa koji djeluju kao posrednici između sklopovlja i primjenskih programa te korisnika.',15),
(30,'Izrada web-projekta','Vještina nudi studentima priliku za stjecanje tehno-ekonomskih znanja potrebnih za izradu web-projekata.',15),
(31,'Poslovno komuniciranje','Usvajanje općih znanja potrebnih za uspješniju interpersonalnu komunikaciju u poslovnom okruženju i djelotvorno oblikovanje poruka u javnoj i pisanoj komunikaciji.',16),
(32,'Obrada teksta i slike','usvajanje znanja i razumijevanja: postupka kreiranja dokumenata i publikacija uz pomoć računala; oblikovanja teksta, tipografije i kreiranja fontova.',16),
(33,'Osnove poduzetništva','Pojmovno određenje poduzetništva. Povijesni i komparativni razvoj poduzetništva i poduzeća. Temeljna načela poduzetništva. Poduzetničke perspektive.',17),
(34,'Marketing','Marketing kao filozofija poslovanja; Priroda marketinškog poslovanja; Upravljačka filozofija marketinga; Pojavni oblici upravljanja marketingom.',17),
(35,'Mikroekonomija I','Razumijevanje principa ponude i potražnje te njihovo povezivanje s tržišnom ravnotežom. Osposobljenost za analiziranje, proučavanje i djelovanje na različite tržišne snage koje determiniraju ravnotežu.',18),
(36,'Kvantitativne metode u managementu','Upoznavanje sa osnovnim kvantitativnim metodama koje se mogu primijeniti u poslovnom odlučivanju s naglaskom na linearno programiranje.',18),
(37,'Matematika u ekonomiji','S ovim predmetom studenti bi trebali biti osposobljeni za praktičnu primjenu matematičkih modela pri postavljanju i rješavanju problema u ekonomskim znanostima.',19),
(38,'Marketing destinacije','Specifičnosti upravljanja marketingom destinacije;Turistička destinacija kao integralni turistički proizvod.',19),
(39,'Tehnička mehanika 2','Upoznati studente s teorijskim i iskustvenim spoznajama iz područja hidromehanike što će im omogućiti lakše savladavanje zadataka vezanih za mirovanje i gibanje fluida koji su nezaobilazni u svakodnevnij praksi.',20),
(40,'Sredstva pomorskog prometa','Cilj kolegija je upoznati studente sa stabilnošću broda u neoštećenom i oštećenom stanju, statičkom i dinamičkom stabilnošću broda.',20),
(41,'Tereti u prometu','Osnovni cilj i zadatak kolegija je upoznavanja prirode materijala u prometu kao bitne pretpostavke za organizaciju prijevoznog pothvata, analizu osnovnih i specifičnih klasifikacija, podjela i kategorizacija tereta.',21),
(42,'Planiranje prometne potražnje','Osposobiti studenta za primjenu metoda kojima se utvrđuje potražnja za prometnom uslugom.',21),
(43,'Tjelesna i zdravstvena kultura 2','Odgojno-obrazovno područje podmirenja biopsihosocijalnih motiva za kretanjem kao izrazom zadovoljenja određenih potreba čovjeka, kojima se uvećavaju adaptivne i stvaralačke sposobnosti u suvremenim uvjetima života i rada.',1),
(44,'Tjelesna i zdravstvena kultura 2','Odgojno-obrazovno područje podmirenja biopsihosocijalnih motiva za kretanjem kao izrazom zadovoljenja određenih potreba čovjeka, kojima se uvećavaju adaptivne i stvaralačke sposobnosti u suvremenim uvjetima života i rada.',10),
(45,'Tjelesna i zdravstvena kultura 3','Odgojno-obrazovno područje podmirenja biopsihosocijalnih motiva za kretanjem kao izrazom zadovoljenja određenih potreba čovjeka, kojima se uvećavaju adaptivne i stvaralačke sposobnosti u suvremenim uvjetima života i rada.',16),
(46,'Napredne baze podataka','Student se treba upoznati s objektima i kontrolama za pristup podacima, sa osnovama programiranja MySQL servera i implementacijom baze podataka u informacijski sustav.',1);

/*Table structure for table `nastavnici` */

CREATE TABLE `nastavnici` (
  `jmbg` char(13) NOT NULL,
  `email` varchar(100) NOT NULL,
  `ime` varchar(100) NOT NULL,
  `prezime` varchar(100) NOT NULL,
  `lozinka` varchar(255) NOT NULL,
  `salt` varchar(255) NOT NULL,
  `level` int(11) NOT NULL,
  PRIMARY KEY (`jmbg`)
) ENGINE=InnoDB DEFAULT CHARSET=utf8mb4;

/*Data for the table `nastavnici` */

insert  into `nastavnici`(`jmbg`,`email`,`ime`,`prezime`,`lozinka`,`salt`,`level`) values 
('1234567890123','avuckovic@tv.hr','Adrian','Vuckovic Sokovic','c33ab64c58bf72a6f1dd64a8d13891c8a3b4ba6097f19ba1b48606106434757699627128b993b77a1164e9b9cae3566b0e73cfc63963fd149b1e294467f6cbd8','o7MTuPoD8J7+91MMaF1izVvl8K8A7w6SExzHj3i96duoF4GiIIrB3WaAGYNgp9SfMh25HcPmioE3Xkds6+K+9iBVi0cwe/NieIdiOHvZdMuuJW8QEYhCikKtp5xBg+JW9w+Wt//GLjcxe97ZeGy5y3T6Aj/uQFtT9xmdOpzGcpY=',1),
('1234567890124','ppetric@tv.hr','Petar','Petrić','8d131bcbb64a5e884c36892217562484eef8f2a52d6241d43740ffdaf0a1dd977f374877978bbbeca9c6ad0b1e5d8158d6aac2a1fbcb38a5a4eaafa4fceb5432','0P2BXW3qq2X4MvOVaqvGEQE2ZbggjOfwjX77OxCJVZLUxtJ32bfnyeQK2X0C9eZztakgkINptX17v8AQfop0IC42HfD5bgL+QuYi9vaBLE9pXGxsLZXrY4wrq5zsd1HSTzeLlJBIoop8jGgWjg0/dgvmfiYR+QL+03KJ0YY/Rx8=',2);

/*Table structure for table `nastavnicikolegiji` */

CREATE TABLE `nastavnicikolegiji` (
  `jmbg` char(13) NOT NULL,
  `idkolegij` int(11) NOT NULL,
  KEY `jmbgNastavnika` (`jmbg`),
  KEY `idKolegija` (`idkolegij`),
  CONSTRAINT `idKolegija` FOREIGN KEY (`idkolegij`) REFERENCES `kolegiji` (`id`),
  CONSTRAINT `jmbgNastavnika` FOREIGN KEY (`jmbg`) REFERENCES `nastavnici` (`jmbg`)
) ENGINE=InnoDB DEFAULT CHARSET=utf8mb4;

/*Data for the table `nastavnicikolegiji` */

insert  into `nastavnicikolegiji`(`jmbg`,`idkolegij`) values 
('1234567890123',1),
('1234567890123',11),
('1234567890123',15),
('1234567890123',26),
('1234567890123',37),
('1234567890123',41),
('1234567890123',46),
('1234567890123',2),
('1234567890123',45),
('1234567890124',6),
('1234567890124',10),
('1234567890124',13),
('1234567890124',16),
('1234567890124',19),
('1234567890124',21),
('1234567890124',24),
('1234567890124',30),
('1234567890124',33),
('1234567890124',42),
('1234567890124',46),
('1234567890124',20);

/*Table structure for table `smjerovi` */

CREATE TABLE `smjerovi` (
  `id` int(11) NOT NULL,
  `naziv` varchar(100) NOT NULL,
  PRIMARY KEY (`id`)
) ENGINE=InnoDB DEFAULT CHARSET=utf8mb4;

/*Data for the table `smjerovi` */

insert  into `smjerovi`(`id`,`naziv`) values 
(1,'Stručni studij informatike'),
(2,'Stručni studij računarstva'),
(3,'Stručni studij elektrotehnike'),
(4,'Stručni studij graditeljstva'),
(5,'studij trgovine'),
(6,'upravni studij'),
(7,'računarstvo'),
(8,'menadžment turizma i sporta'),
(9,'očna optika'),
(10,'održavanje zrakoplova'),
(11,'smjer matematika'),
(12,'smjer fizika'),
(13,'smjer kemija'),
(14,'elektotehnika i informacijska tehnologija'),
(15,'računarstvo'),
(16,'informacijski i poslovni sustavi'),
(17,'ekonomika poduzetništva'),
(18,'poslovna ekonomija'),
(19,'turizam'),
(20,'brodostrojarstvo'),
(21,'logistika i menadžment u pomorstvu'),
(22,'INRO'),
(23,'Stručni studij'),
(24,'Specijalistički studij'),
(25,'Specijalistički studij informatike'),
(26,'Specijalistički studij elektrotehnike'),
(27,'Specijalistički studij graditeljstva');

/*Table structure for table `studenti` */

CREATE TABLE `studenti` (
  `jmbag` char(10) NOT NULL,
  `ime` varchar(100) NOT NULL,
  `prezime` varchar(100) NOT NULL,
  `datumupisa` date NOT NULL,
  PRIMARY KEY (`jmbag`)
) ENGINE=InnoDB DEFAULT CHARSET=utf8mb4;

/*Data for the table `studenti` */

insert  into `studenti`(`jmbag`,`ime`,`prezime`,`datumupisa`) values 
('0010081356','Tanja','Krog','2017-09-27'),
('0013020125','Matea','Omanović','2019-09-25'),
('0013022546','Antun','Mandić','2017-09-30'),
('0013025926','Antonio','Pavić','2019-09-25'),
('0013026584','Borna','Knežević','2017-09-29'),
('0016096972','Dora','Vidaković','2018-09-26'),
('0016097990','Vesna','Đukić','2018-09-29'),
('0016098017','Marina','Zadro','2018-09-28'),
('0016099969','Antonia','Čoić','2018-09-28'),
('0016100313','Biljana','Vidović','2018-09-27'),
('0016101784','David','Vučetić','2018-09-27'),
('0016199452','Bernarda','Tomić','2018-09-30'),
('0016200033','Zvonimir','Žarković','2017-09-29'),
('0016201125','Denis','Šapina','2018-09-27'),
('0016201458','Ana','Radak','2018-09-27'),
('0016203355','Dino','Bošnjak','2018-09-30'),
('0016209876','Kristina','Pešerović','2018-09-29'),
('0016216325','Toni','Tošeski','2018-09-28'),
('0016216326','Ivan','Horvat','2018-09-29'),
('0016220011','Danijel','Zečević','2017-09-30'),
('0016233522','Nikola','Habijan','2018-09-26'),
('0016235684','Tomislav','Vukasović','2018-09-26'),
('0035166854','Krešo','Šišić','2018-09-26'),
('0035177990','Irena','Dabić','2019-09-26'),
('0035179953','Tanja','Sunek','2019-09-26'),
('0035180940','Sonja','Šimpraga','2018-09-26'),
('0035182233','Ivan','Turk','2015-09-26'),
('0035187555','Marko','Krišto','2018-09-27'),
('0035188827','Blaž','Đuranić','2016-09-21'),
('0035192211','Karla','Brandis','2017-09-28'),
('0035192565','Kristina','Matleković','2017-09-27'),
('0036430456','Dragutina','Topić','2018-09-26'),
('0036430552','Armin','Čehajić','2018-09-30'),
('0036435111','Maja','Vuković','2018-09-27'),
('0036440545','Aleksandra','Bedić','2018-09-29'),
('0036440706','Vicka','Zečević','2018-09-26'),
('0036450023','Darko','Zidanić','2016-09-23'),
('0036450215','Josip','Pavković','2016-09-24'),
('0036452014','Alen','Martić','2016-09-22'),
('0036459870','Klaudija','Buljević','2016-09-25'),
('0036460022','Ivan','Matić','2015-09-24'),
('0036460031','Dajana','Jerec','2017-09-28'),
('0036460111','Ozren','Savić','2018-09-26'),
('0036463254','Ivan','Zović','2017-09-27'),
('0036463255','Ivan','Horvat','2017-09-28'),
('0036466211','Nada','Marulin','2017-09-27'),
('0036468547','Sandra','Labak','2015-09-23'),
('0036499965','Lovro','Keglović','2015-09-26'),
('0067025900','Valerija','Ivanek','2017-09-30'),
('0067025919','Hana','Amulić','2018-09-28'),
('0067025920','Ante','Cindrić','2018-09-29'),
('0067028521','Helena','Džapo','2017-09-29'),
('0067401609','Teo','Turković','2018-09-28'),
('0067402200','Borna','Pavić','2017-09-30'),
('0067403663','Mihael','Škoda','2017-09-27'),
('0067405522','Dario','Veh','2017-09-29'),
('0067408000','Nikola','Mucić','2017-09-28'),
('0067408996','Rajko','Posavi','2017-09-28'),
('0067430279','Tajana','Vugrinec','2018-09-28'),
('0067430739','Marijana','Adžija','2018-09-29'),
('0067431720','Ivana','Šokčić','2018-09-27'),
('0067433447','Francika','Dragić','2018-09-30'),
('0108065150','Vanesa','Kovačević','2016-09-22'),
('0108065187','Tomislav','Obrovac','2019-09-26'),
('0108065701','Nika','Kovačević','2016-09-23'),
('0108065951','Jan','Dumančić','2016-09-21'),
('0108066366','Iva','Perković','2019-09-26'),
('0108066602','Lorena','Fabijanić','2019-09-26'),
('0108067363','Filip','Kljaić','2018-09-28'),
('0112034516','Denis','Vrdoljak','2018-09-29'),
('0112037682','Nikola','Gorički','2018-09-28'),
('0112046636','Ivana','Gložinić','2018-09-26'),
('0112047168','Marko','Erceg','2018-09-29'),
('0112047238','Ana','Ujčić','2018-09-30'),
('0112050000','Filip','Zaležak','2019-09-27'),
('0112052142','Želimir','Drežnjak','2019-09-26'),
('0112052200','Matija','Capan','2018-09-28'),
('0112053256','Anton','Žagar','2019-09-25'),
('0112053625','Boris','Miljuš','2018-09-30'),
('0112055201','Nikola','Sušac','2019-09-24'),
('0112058456','Nikolina','Jurišić','2018-09-29'),
('0128045526','Kristina','Košić-Kancir','2018-09-30'),
('0128050002','Kristina','Žikić','2019-09-25'),
('0128050853','Eva','Delač','2017-09-30'),
('0128051999','Marina','Zrno','2017-09-29'),
('0128052014','Tomislav','Paulić','2016-09-22'),
('0128052037','Tomislav','Miličić','2018-09-26'),
('0128052105','Luka','Šimić','2019-09-25'),
('0128052335','Matej','Levanić Kutni','2017-09-27'),
('0128053654','Zoran','Videković','2016-09-23'),
('0128055514','Kristina','Nakić','2016-09-24'),
('0128056624','Stanislav','Oršolić','2016-09-21'),
('0128059857','Domagoj','Paulić','2016-09-25'),
('0130421547','Dina','Panić','2017-09-28'),
('0130521458','Nera','Plejić','2017-09-30'),
('0130854852','Mateja','Sambunjak','2017-09-27'),
('0242010660','Martina','Ursa','2018-09-27'),
('0246007553','Nina','Katić','2019-09-26'),
('0246012240','Matija','Majhen','2019-09-25'),
('0246020326','Melita','Rukavina','2019-09-25'),
('0246022344','Andrej','Novak','2019-09-25'),
('0246022345','Ivana','Babić','2019-09-25'),
('0246024584','Marin','Obrdalj','2019-09-26'),
('0246024883','Ivana','Jelenčić','2019-09-25'),
('0246025333','Ksenija','Božić','2017-09-30'),
('0246025342','Draga','Kaleb','2019-09-25'),
('0246025343','Ana','Miličević','2019-09-25'),
('0246025633','Zvonimir','Kolar','2017-09-29'),
('0246026409','Marcela','Jusup','2019-09-25'),
('0246026699','Sonja','Batelić','2019-09-25'),
('0246027548','Lara','Horvat','2019-09-25'),
('0246027955','Dino','Rosenzweig','2019-09-26'),
('0246029526','Dorotea','Stipanov','2017-09-30'),
('0246031254','Petra','Vujić','2015-09-22'),
('0246033254','Mia','Radojčić','2017-09-30'),
('0246033365','Marko','Noskov','2015-09-24'),
('0246035265','Katarina','Dujmović','2017-09-29'),
('0246036655','Marija-Olgica','Kasumović','2015-09-23'),
('0283016212','Višnja','Pisac','2019-09-26'),
('0283016371','Ines','Pozaić','2019-09-26'),
('0283016670','Pavo','Baničević','2019-09-27'),
('0283018404','Ante','Jukić','2019-09-27'),
('0283018425','Anela','Pavelić','2019-09-26'),
('0283021325','Robert','Stanić','2015-09-26'),
('0283021548','Tomislav','Pokupić','2015-09-25'),
('0283022254','Juraj','Kovačević','2016-09-23'),
('0283035485','Tomislav','Grgić','2016-09-21'),
('0283062547','Borna','Mikuličin','2016-09-22'),
('0313003717','Slađana','Kopačević','2019-09-27'),
('0313003860','Martina','Rak','2019-09-27'),
('0313004207','Luka','Skupnjak','2019-09-27'),
('0313004222','Marko','Keser','2015-09-25'),
('0313004277','Slavko','Bezeredi','2019-09-27'),
('0313004298','Ivan','Stojić','2019-09-27'),
('0313004387','Kristina','Copak','2019-09-27'),
('0313005214','Josip','Marin','2015-09-22'),
('0313006321','Nikola','Kupres','2016-09-25'),
('0313006332','Karla','Rolj','2015-09-24'),
('0313006854','Marko','Šarić','2016-09-24'),
('0313008547','Sandra','Tinjić','2015-09-23'),
('0313011025','Filip','Fadljević','2019-09-25'),
('1191200784','Dubravko','Antunović','2019-09-24'),
('1191219570','Renato','Babojelić','2019-09-25'),
('1191220001','Tina','Kostelić','2019-09-28'),
('1191220633','Mia','Pavić','2016-09-25'),
('1191220781','Marina','Krmpotić','2019-09-27'),
('1191220782','Mare','Mistrić','2019-09-24'),
('1191220888','Nikolina','Orlović','2019-09-24'),
('1191221406','Ana','Anđal','2019-09-24'),
('1191221499','Ivan','Horvat','2019-09-25'),
('1191221794','Katarina','Gudelj','2019-09-26'),
('1191221838','Boris','Hrašćanec','2019-09-27'),
('1191230521','Anya','Sardelic Wojcikiewicz','2017-09-27'),
('1191230621','Valentina','Benšek','2017-09-28'),
('1191230865','Lora','Čorluka','2017-09-29'),
('1191230958','Valentina','Deisinger','2017-09-30'),
('1191231658','Niko','Denona','2017-09-27'),
('1191231659','Josipa','Glavaš','2017-09-28'),
('1191231669','Nikola','Kirasić','2017-09-29'),
('1191290785','Želimira','Ivček','2019-09-24'),
('1191303785','Miro','Pavlović','2019-09-25'),
('1191333784','Bratislav','Jurišić','2018-09-26');

/*Table structure for table `studentikolegiji` */

CREATE TABLE `studentikolegiji` (
  `jmbag` char(10) DEFAULT NULL,
  `id` int(11) DEFAULT NULL,
  KEY `jmbagConstr` (`jmbag`),
  KEY `idConstr` (`id`),
  CONSTRAINT `idConstr` FOREIGN KEY (`id`) REFERENCES `kolegiji` (`id`),
  CONSTRAINT `jmbagConstr` FOREIGN KEY (`jmbag`) REFERENCES `studenti` (`jmbag`)
) ENGINE=InnoDB DEFAULT CHARSET=utf8mb4;

/*Data for the table `studentikolegiji` */

insert  into `studentikolegiji`(`jmbag`,`id`) values 
('0010081356',5),
('0035182233',5),
('0246020326',5),
('0246022344',5),
('0246029526',5),
('0246031254',5),
('0010081356',8),
('0035182233',8),
('0246020326',8),
('0246022344',8),
('0246029526',8),
('0246031254',8),
('0035180940',6),
('0035192211',6),
('0035192565',6),
('0246025333',6),
('0246025633',6),
('0246033365',6),
('0246036655',6),
('0035180940',7),
('0035192211',7),
('0035192565',7),
('0246025333',7),
('0246025633',7),
('0246033365',7),
('0246036655',7),
('0013025926',9),
('0108065951',9),
('0246024584',9),
('0283016371',9),
('0283018425',9),
('0283021325',9),
('0283021548',9),
('0013025926',10),
('0108065951',10),
('0246024584',10),
('0283016371',10),
('0283018425',10),
('0283021325',10),
('0283021548',10),
('0036440545',11),
('0108065150',11),
('0283016212',11),
('0283016670',11),
('0283018404',11),
('0283022254',11),
('0283035485',11),
('0283062547',11),
('0036440545',12),
('0108065150',12),
('0283016212',12),
('0283016670',12),
('0283018404',12),
('0283022254',12),
('0283035485',12),
('0283062547',12),
('0108065187',15),
('0108066602',15),
('0313003717',15),
('0313004298',15),
('0313004387',15),
('0313006321',15),
('0313006854',15),
('0313011025',15),
('0108065187',16),
('0108066602',16),
('0313003717',16),
('0313004298',16),
('0313004387',16),
('0313006321',16),
('0313006854',16),
('0313011025',16),
('0108067363',13),
('0313003860',13),
('0313004207',13),
('0313004222',13),
('0313004277',13),
('0313005214',13),
('0313006332',13),
('0313008547',13),
('0108067363',14),
('0313003860',14),
('0313004207',14),
('0313004222',14),
('0313004277',14),
('0313005214',14),
('0313006332',14),
('0313008547',14),
('0013020125',17),
('0013026584',17),
('0035187555',17),
('0035188827',17),
('0067433447',17),
('0128055514',17),
('0130521458',17),
('0130854852',17),
('0246007553',17),
('0246027955',17),
('1191220888',17),
('0013020125',18),
('0013026584',18),
('0035187555',18),
('0035188827',18),
('0067433447',18),
('0128055514',18),
('0130521458',18),
('0130854852',18),
('0246007553',18),
('0246027955',18),
('1191220888',18),
('0013022546',19),
('0035166854',19),
('0067430739',19),
('0128052014',19),
('0128053654',19),
('0128056624',19),
('0130421547',19),
('0246012240',19),
('0246026409',19),
('1191200784',19),
('0013022546',20),
('0035166854',20),
('0067430739',20),
('0128052014',20),
('0128053654',20),
('0128056624',20),
('0130421547',20),
('0246012240',20),
('0246026409',20),
('1191200784',20),
('0013022546',44),
('0035166854',44),
('0067430739',44),
('0128052014',44),
('0128053654',44),
('0128056624',44),
('0130421547',44),
('0246012240',44),
('0246026409',44),
('1191200784',44),
('1191219570',21),
('1191220633',21),
('1191221406',21),
('1191221499',21),
('1191221794',21),
('1191230958',21),
('1191231659',21),
('1191231669',21),
('1191333784',21),
('1191219570',22),
('1191220633',22),
('1191221406',22),
('1191221499',22),
('1191221794',22),
('1191230958',22),
('1191231659',22),
('1191231669',22),
('1191333784',22),
('1191220782',23),
('1191221838',23),
('1191230865',23),
('1191231658',23),
('1191220782',24),
('1191221838',24),
('1191230865',24),
('1191231658',24),
('1191220001',25),
('1191220781',25),
('1191230521',25),
('1191230621',25),
('1191303785',25),
('1191220001',26),
('1191220781',26),
('1191230521',26),
('1191230621',26),
('1191303785',26),
('0036435111',27),
('0036440706',27),
('0036450215',27),
('0036452014',27),
('0036460031',27),
('0036460111',27),
('0036463254',27),
('0036463255',27),
('0108065701',27),
('0036435111',28),
('0036440706',28),
('0036450215',28),
('0036452014',28),
('0036460031',28),
('0036460111',28),
('0036463254',28),
('0036463255',28),
('0108065701',28),
('0036430456',29),
('0036430552',29),
('0036450023',29),
('0036459870',29),
('0036460022',29),
('0036466211',29),
('0036468547',29),
('0036499965',29),
('0108066366',29),
('0036430456',30),
('0036430552',30),
('0036450023',30),
('0036459870',30),
('0036460022',30),
('0036466211',30),
('0036468547',30),
('0036499965',30),
('0108066366',30),
('0016096972',31),
('0016100313',31),
('0016101784',31),
('0016201458',31),
('0016203355',31),
('0016233522',31),
('0016235684',31),
('0128052037',31),
('0128059857',31),
('0016096972',32),
('0016100313',32),
('0016101784',32),
('0016201458',32),
('0016203355',32),
('0016233522',32),
('0016235684',32),
('0128052037',32),
('0128059857',32),
('0016096972',45),
('0016100313',45),
('0016101784',45),
('0016201458',45),
('0016203355',45),
('0016233522',45),
('0016235684',45),
('0128052037',45),
('0128059857',45),
('0016097990',33),
('0016098017',33),
('0016099969',33),
('0016199452',33),
('0016201125',33),
('0016209876',33),
('0016216325',33),
('0016216326',33),
('1191290785',33),
('0016097990',34),
('0016098017',34),
('0016099969',34),
('0016199452',34),
('0016201125',34),
('0016209876',34),
('0016216325',34),
('0016216326',34),
('1191290785',34),
('0067025900',35),
('0067025919',35),
('0067025920',35),
('0067403663',35),
('0067405522',35),
('0067408996',35),
('0067431720',35),
('0067025900',36),
('0067025919',36),
('0067025920',36),
('0067403663',36),
('0067405522',36),
('0067408996',36),
('0067431720',36),
('0016200033',37),
('0016220011',37),
('0067028521',37),
('0067401609',37),
('0067402200',37),
('0067408000',37),
('0067430279',37),
('0016200033',38),
('0016220011',38),
('0067028521',38),
('0067401609',38),
('0067402200',38),
('0067408000',38),
('0067430279',38),
('0112047168',39),
('0112047238',39),
('0112052142',39),
('0112052200',39),
('0112053256',39),
('0112055201',39),
('0128052335',39),
('0242010660',39),
('0112047168',40),
('0112047238',40),
('0112052142',40),
('0112052200',40),
('0112053256',40),
('0112055201',40),
('0128052335',40),
('0242010660',40),
('0112034516',41),
('0112037682',41),
('0112046636',41),
('0112050000',41),
('0112053625',41),
('0112058456',41),
('0128045526',41),
('0112034516',42),
('0112037682',42),
('0112046636',42),
('0112050000',42),
('0112053625',42),
('0112058456',42),
('0128045526',42),
('0035177990',1),
('0128050002',1),
('0128050853',1),
('0128051999',1),
('0246022345',1),
('0246024883',1),
('0246026699',1),
('0128050002',2),
('0128050853',2),
('0128051999',2),
('0246022345',2),
('0246024883',2),
('0246026699',2),
('0035177990',43),
('0128050002',43),
('0128050853',43),
('0128051999',43),
('0246022345',43),
('0246024883',43),
('0246026699',43),
('0035177990',46),
('0128050002',46),
('0128050853',46),
('0128051999',46),
('0246022345',46),
('0246024883',46),
('0246026699',46),
('0035179953',3),
('0128052105',3),
('0246025342',3),
('0246025343',3),
('0246027548',3),
('0246033254',3),
('0246035265',3),
('0035179953',4),
('0128052105',4),
('0246025342',4),
('0246025343',4),
('0246027548',4),
('0246033254',4),
('0246035265',4),
('0016100313',1),
('0010081356',1),
('0035177990',2),
('0016099969',1),
('1191290785',46);

/*!40101 SET SQL_MODE=@OLD_SQL_MODE */;
/*!40014 SET FOREIGN_KEY_CHECKS=@OLD_FOREIGN_KEY_CHECKS */;
/*!40014 SET UNIQUE_CHECKS=@OLD_UNIQUE_CHECKS */;
/*!40111 SET SQL_NOTES=@OLD_SQL_NOTES */;
